;Subrule_ID;Table_Code;Trigger_Type;TARDOC_Code;Table_Desc
C00.10A;A1;C00.70_13;ANY_OF;C00.BF.0030;Stereotaktische Radiochirurgie, Gamma‑Knife
C00.10A;A2;C00.70_11;ALL_OF;C00.BF.0010;Stereotaktische Radiochirurgie, solitäre Hirnmetastase
C00.10A;A2;C00.70_12;ALL_OF;C00.BF.0020;Stereotaktische Radiochirurgie, multiple Hirnmetastasen u.a.
C00.10A;A2;ANAST;ANY_OF;WA.10.0010;Anästhesie durch Anästhesist/in
C00.10A;A2;ANAST;ANY_OF;WA.10.0020;Anästhesie durch Anästhesist/in
C00.10A;A2;ANAST;ANY_OF;WA.10.0030;Anästhesie durch Anästhesist/in
C00.10A;A2;ANAST;ANY_OF;WA.10.0040;Anästhesie durch Anästhesist/in
C00.10A;A2;ANAST;ANY_OF;WA.10.0050;Anästhesie durch Anästhesist/in
C00.10B;B1;C00.70_11;ANY_OF;C00.BF.0010;Stereotaktische Radiochirurgie, solitäre Hirnmetastase
C00.10B;B1;C00.70_12;ANY_OF;C00.BF.0020;Stereotaktische Radiochirurgie, multiple Hirnmetastasen u.a.
C00.10C;C1a;C00.70_10;ANY_OF;C00.BE.0010;Stereotaktische Radiotherapie
C00.10C;C1a;C00.70_3;ANY_OF;C00.BA.0110;Radiotherapie: Gewebeausgleichsfilter
C00.10C;C1b;C00.70_10;ANY_OF;C00.BE.0010;Stereotaktische Radiotherapie
C00.10C;C1b;C00.70_3;ANY_OF;C00.BA.0120;Radiotherapie: Gewebeausgleichsfilter
C00.10C;C1c;C00.70_10;ANY_OF;C00.BE.0020;Stereotaktische Radiotherapie
C00.10C;C1c;C00.70_3;ANY_OF;C00.BA.0110;Radiotherapie: Gewebeausgleichsfilter
C00.10C;C1d;C00.70_10;ANY_OF;C00.BE.0020;Stereotaktische Radiotherapie
C00.10C;C1d;C00.70_3;ANY_OF;C00.BA.0120;Radiotherapie: Gewebeausgleichsfilter
C00.10D;D1;C00.70_10;ANY_OF;C00.BE.0010;Stereotaktische Radiotherapie
C00.10D;D1;C00.70_10;ANY_OF;C00.BE.0020;Stereotaktische Radiotherapie
C00.10D;D1;ANAST;ANY_OF;WA.10.0010;Anästhesie durch Anästhesist/in
C00.10D;D1;ANAST;ANY_OF;WA.10.0020;Anästhesie durch Anästhesist/in
C00.10D;D1;ANAST;ANY_OF;WA.10.0030;Anästhesie durch Anästhesist/in
C00.10D;D1;ANAST;ANY_OF;WA.10.0040;Anästhesie durch Anästhesist/in
C00.10D;D1;ANAST;ANY_OF;WA.10.0050;Anästhesie durch Anästhesist/in
C00.10D;D2;C00.70_10;ANY_OF;C00.BE.0010;Stereotaktische Radiotherapie
C00.10D;D2;C00.70_10;ANY_OF;C00.BE.0020;Stereotaktische Radiotherapie
C00.10D;D2;C00.70_0;ANY_OF;C00.BA.0070;Bestrahlungsplanung
C00.10D;D2;C00.70_0;ANY_OF;C00.BA.0080;Bestrahlungsplanung
C00.10D;D2;C00.70_0;ANY_OF;C00.BA.0100;Bestrahlungsplanung
C00.10D;D2;C00.70_2;ANY_OF;C00.BA.0130;Bestrahlungssimulation
C00.10D;D2;C00.70_2;ANY_OF;C00.BB.0010;Bestrahlungssimulation
C00.10E;E;C00.70_10;ANY_OF;C00.BE.0010;Stereotaktische Radiotherapie
C00.10E;E;C00.70_10;ANY_OF;C00.BE.0020;Stereotaktische Radiotherapie
C00.10E;E;C00.70_0;ANY_OF;C00.BA.0070;Bestrahlungsplanung
C00.10E;E;C00.70_0;ANY_OF;C00.BA.0080;Bestrahlungsplanung
C00.10E;E;C00.70_0;ANY_OF;C00.BA.0100;Bestrahlungsplanung
C00.10F;F;C00.70_10;ANY_OF;C00.BE.0010;Stereotaktische Radiotherapie
C00.10F;F;C00.70_10;ANY_OF;C00.BE.0020;Stereotaktische Radiotherapie
C00.10F;F;C00.70_2;ANY_OF;C00.BA.0130;Bestrahlungssimulation
C00.10F;F;C00.70_2;ANY_OF;C00.BB.0010;Bestrahlungssimulation
C00.10G;G1;C00.70_10;ANY_OF;C00.BE.0010;Stereotaktische Radiotherapie
C00.10G;G1;C00.70_10;ANY_OF;C00.BE.0020;Stereotaktische Radiotherapie
C00.10G;G2;C00.70_10;ANY_OF;C00.BE.0010;Stereotaktische Radiotherapie
C00.10G;G2;C00.70_10;ANY_OF;C00.BE.0020;Stereotaktische Radiotherapie
C00.10G;G2;C00.70_1;ANY_OF;C00.BA.0010;Bestrahlungsplanung: Planungs-CT
C00.10G;G2;C00.70_1;ANY_OF;C00.BA.0030;Bestrahlungsplanung: Planungs-CT
C00.40A;40A_1;C00.70_40;ANY_OF;C00.BB.0020;Hochvolttherapie
C00.40A;40A_1;C00.70_40;ANY_OF;C00.BD.0010;Hochvolttherapie
C00.40A;40A_1;C00.70_40;ANY_OF;C00.BD.0050;Hochvolttherapie
C00.40A;40A_1;C00.70_40;ANY_OF;C00.BD.0060;Hochvolttherapie
C00.40A;40A_1;C00.70_40;ANY_OF;C00.BD.0080;Hochvolttherapie
C00.40A;40A_1;C00.70_40;ANY_OF;C00.BD.0090;Hochvolttherapie
C00.40A;40A_1;C00.70_40;ANY_OF;C00.BD.0110;Hochvolttherapie
C00.40A;40A_1;C00.70_3;ANY_OF;C00.BA.0110;Radiotherapie: Gewebeausgleichsfilter
C00.40A;40A_1;C00.70_3;ANY_OF;C00.BA.0120;Radiotherapie: Gewebeausgleichsfilter
C00.40A;40A_2;C00.70_40;ANY_OF;C00.BB.0020;Hochvolttherapie
C00.40A;40A_2;C00.70_40;ANY_OF;C00.BD.0010;Hochvolttherapie
C00.40A;40A_2;C00.70_40;ANY_OF;C00.BD.0050;Hochvolttherapie
C00.40A;40A_2;C00.70_40;ANY_OF;C00.BD.0060;Hochvolttherapie
C00.40A;40A_2;C00.70_40;ANY_OF;C00.BD.0080;Hochvolttherapie
C00.40A;40A_2;C00.70_40;ANY_OF;C00.BD.0090;Hochvolttherapie
C00.40A;40A_2;C00.70_40;ANY_OF;C00.BD.0110;Hochvolttherapie
C00.40A;40A_2;C00.70_0;ANY_OF;C00.BA.0070;Bestrahlungsplanung
C00.40A;40A_2;C00.70_0;ANY_OF;C00.BA.0080;Bestrahlungsplanung
C00.40A;40A_2;C00.70_0;ANY_OF;C00.BA.0100;Bestrahlungsplanung
C00.40A;40A_2;C00.70_2;ANY_OF;C00.BA.0130;Bestrahlungssimulation
C00.40A;40A_2;C00.70_2;ANY_OF;C00.BB.0010;Bestrahlungssimulation
C00.40B;40B_1;C00.70_40;ANY_OF;C00.BB.0020;Hochvolttherapie
C00.40B;40B_1;C00.70_40;ANY_OF;C00.BD.0010;Hochvolttherapie
C00.40B;40B_1;C00.70_40;ANY_OF;C00.BD.0050;Hochvolttherapie
C00.40B;40B_1;C00.70_40;ANY_OF;C00.BD.0060;Hochvolttherapie
C00.40B;40B_1;C00.70_40;ANY_OF;C00.BD.0080;Hochvolttherapie
C00.40B;40B_1;C00.70_40;ANY_OF;C00.BD.0090;Hochvolttherapie
C00.40B;40B_1;C00.70_40;ANY_OF;C00.BD.0110;Hochvolttherapie
C00.40B;40B_1;C00.70_0;ANY_OF;C00.BA.0070;Bestrahlungsplanung
C00.40B;40B_1;C00.70_0;ANY_OF;C00.BA.0080;Bestrahlungsplanung
C00.40B;40B_1;C00.70_0;ANY_OF;C00.BA.0100;Bestrahlungsplanung
C00.40B;40B_2;C00.70_40;ANY_OF;C00.BB.0020;Hochvolttherapie
C00.40B;40B_2;C00.70_40;ANY_OF;C00.BD.0010;Hochvolttherapie
C00.40B;40B_2;C00.70_40;ANY_OF;C00.BD.0050;Hochvolttherapie
C00.40B;40B_2;C00.70_40;ANY_OF;C00.BD.0060;Hochvolttherapie
C00.40B;40B_2;C00.70_40;ANY_OF;C00.BD.0080;Hochvolttherapie
C00.40B;40B_2;C00.70_40;ANY_OF;C00.BD.0090;Hochvolttherapie
C00.40B;40B_2;C00.70_40;ANY_OF;C00.BD.0110;Hochvolttherapie
C00.40B;40B_2;C00.70_2;ANY_OF;C00.BA.0130;Bestrahlungssimulation
C00.40B;40B_2;C00.70_2;ANY_OF;C00.BB.0010;Bestrahlungssimulation
C00.40C;40C;C00.70_40;ANY_OF;C00.BB.0020;Hochvolttherapie
C00.40C;40C;C00.70_40;ANY_OF;C00.BD.0010;Hochvolttherapie
C00.40C;40C;C00.70_40;ANY_OF;C00.BD.0050;Hochvolttherapie
C00.40C;40C;C00.70_40;ANY_OF;C00.BD.0060;Hochvolttherapie
C00.40C;40C;C00.70_40;ANY_OF;C00.BD.0080;Hochvolttherapie
C00.40C;40C;C00.70_40;ANY_OF;C00.BD.0090;Hochvolttherapie
C00.40C;40C;C00.70_40;ANY_OF;C00.BD.0110;Hochvolttherapie
C00.40C;40C;C00.70_1;ANY_OF;C00.BA.0010;Bestrahlungsplanung: Planungs-CT
C00.40C;40C;C00.70_1;ANY_OF;C00.BA.0030;Bestrahlungsplanung: Planungs-CT
C00.40D;40D;C00.70_40;ANY_OF;C00.BB.0020;Hochvolttherapie
C00.40D;40D;C00.70_40;ANY_OF;C00.BD.0010;Hochvolttherapie
C00.40D;40D;C00.70_40;ANY_OF;C00.BD.0050;Hochvolttherapie
C00.40D;40D;C00.70_40;ANY_OF;C00.BD.0060;Hochvolttherapie
C00.40D;40D;C00.70_40;ANY_OF;C00.BD.0080;Hochvolttherapie
C00.40D;40D;C00.70_40;ANY_OF;C00.BD.0090;Hochvolttherapie
C00.40D;40D;C00.70_40;ANY_OF;C00.BD.0110;Hochvolttherapie
C00.61A;61A;C00.70_3;ANY_OF;C00.BA.0110;Radiotherapie: Gewebeausgleichsfilter
C00.61A;61A;C00.70_3;ANY_OF;C00.BA.0120;Radiotherapie: Gewebeausgleichsfilter
C00.61B;61B;C00.70_0;ANY_OF;C00.BA.0070;Bestrahlungsplanung
C00.61B;61B;C00.70_0;ANY_OF;C00.BA.0080;Bestrahlungsplanung
C00.61B;61B;C00.70_0;ANY_OF;C00.BA.0100;Bestrahlungsplanung
C00.61B;61B;C00.70_2;ANY_OF;C00.BA.0130;Bestrahlungssimulation
C00.61B;61B;C00.70_2;ANY_OF;C00.BB.0010;Bestrahlungssimulation
C00.61C;61C_PLAN;C00.70_0;ANY_OF;C00.BA.0070;Bestrahlungsplanung
C00.61C;61C_PLAN;C00.70_0;ANY_OF;C00.BA.0080;Bestrahlungsplanung
C00.61C;61C_PLAN;C00.70_0;ANY_OF;C00.BA.0100;Bestrahlungsplanung
C00.61C;61C_SIM;C00.70_2;ANY_OF;C00.BA.0130;Bestrahlungssimulation
C00.61C;61C_SIM;C00.70_2;ANY_OF;C00.BB.0010;Bestrahlungssimulation
C00.61D;61D_CT;C00.70_1;ANY_OF;C00.BA.0010;Bestrahlungsplanung: Planungs-CT
C00.61D;61D_CT;C00.70_1;ANY_OF;C00.BA.0030;Bestrahlungsplanung: Planungs-CT
C00.61D;61D_HILF;C00.71;ANY_OF;C00.BA.0040;Bestrahlungshilfen
C00.61D;61D_HILF;C00.71;ANY_OF;C00.BA.0050;Bestrahlungshilfen
C00.61D;61D_HILF;C00.71;ANY_OF;C00.BA.0060;Bestrahlungshilfen
C00.61D;61D_HILF;C00.71;ANY_OF;C00.BA.0110;Bestrahlungshilfen
C00.61D;61D_HILF;C00.71;ANY_OF;C00.BA.0120;Bestrahlungshilfen
